{
  "IsEncrypted": false,
  "Values": {
    "AzureWebJobsStorage": "DefaultEndpointsProtocol=https;AccountName=storagequizsp;AccountKey=vxFM+XPAk+DA1LQTcV8lRg49ediePBxThTNb+8MwW492mfWoX3nrneZGJDVL6N94+T5FC0C96irb+AStd2rzlA==;EndpointSuffix=core.windows.net",
    "FUNCTIONS_WORKER_RUNTIME": "python",
    "AzureWebJobsFeatureFlags": "EnableWorkerIndexing",
    "OPENAI_KEY_SECRET_NAME":"AZOPENAIAPIKEY",
    "KEY_VAULT_NAME":"quiz-sp-kv",
    "OPENAIENDPOINT":"https://azopenai-res.openai.azure.com/",
    "SERVICEBUS_CONNECTION":"Endpoint=sb://quiz-secd-servicebus.servicebus.windows.net/;SharedAccessKeyName=RootManageSharedAccessKey;SharedAccessKey=EvO3Sz7BbXJh+nE6oWEL/5ylnThsRS4dl+ASbLLCkS4=",
    "WEBSITE_CONTENTOVERVNET":"1",
    "SCM_DO_BUILD_DURING_DEPLOYMENT": "true"
  }
}